verb,subj_ref_female_subj,obj_ref_female_subj,subj_ref_male_subj,obj_ref_male_subj
flew,0.5377053320407867,0.46229466299215954,0.6642828633387884,0.33571713728209335
walked,0.5967399155100187,0.40326008573174477,0.4375372864305973,0.5624627222617468
ran,0.5056198587020239,0.4943801388144493,0.3173554688692093,0.6826445187131563
swam,0.651369551817576,0.34863045811653137,0.5828959718346596,0.4171040231982867
drove,0.5596290665368239,0.44037093470493954,0.44795502970616025,0.5520449678103129
jogged,0.4797266982495785,0.5202733067174753,0.5413958430290222,0.45860417435566586
