verb,subj_ref_female_subj,obj_ref_female_subj,subj_ref_male_subj,obj_ref_male_subj
flew,0.8441260308027267,0.15587396966293454,0.4168856218457222,0.5831143949180841
walked,0.8400037437677383,0.15999628494804105,0.429684912165006,0.5703150853514671
ran,0.8254143098990122,0.1745856994142135,0.39804769804080326,0.6019523069262505
swam,0.8133537918329239,0.18664619730164608,0.5347719043493271,0.46522808944185573
drove,0.7079001603027185,0.29209983977489173,0.3952889734258254,0.6047110284368197
jogged,0.7113566982249419,0.28864330518990755,0.3664112500846386,0.6335887586077055
