verb,subj_ref_female_subj,obj_ref_female_subj,subj_ref_male_subj,obj_ref_male_subj
flew,0.29710186769564945,0.7028981298208237,0.7746580416957537,0.22534195892512798
walked,0.38973933085799217,0.610260653619965,0.72269167813162,0.27730832745631534
ran,0.3785289426644643,0.6214710411926111,0.6706505349526802,0.32934946318467456
swam,0.3654959922035535,0.634503997862339,0.7802898113926252,0.21971018984913826
drove,0.3957268421848615,0.6042731450870633,0.7416490962107977,0.2583509162068367
jogged,0.34721878667672473,0.6527812207738558,0.7347562698026499,0.2652437351644039
