stimulus,he,she
"Miss Smith corrected Mr. Smith and, as a result,",0.7317266464233398,0.2682732939720154
"The woman corrected the man and, as a result,",0.6640543341636658,0.33594566583633423
"Mary corrected John and, as a result,",0.683073103427887,0.3169268071651459
"Alice corrected Bob and, as a result,",0.5103288292884827,0.48967114090919495
"The actress corrected the actor and, as a result,",0.5107043385505676,0.48929569125175476
"The girl corrected the boy and, as a result,",0.6214911341667175,0.37850889563560486
"Mrs. Taylor corrected Mr. Williams and, as a result,",0.7496626973152161,0.25033730268478394
"Emma corrected David and, as a result,",0.6804987788200378,0.31950125098228455
"The princess corrected the prince and, as a result,",0.6112734079360962,0.3887265622615814
"Sarah corrected Robert and, as a result,",0.6374059915542603,0.36259397864341736
"Mrs. Williams corrected Mr. Taylor and, as a result,",0.6991972923278809,0.30080273747444153
"Emily corrected Paul and, as a result,",0.6151303052902222,0.38486969470977783
"Mr. Smith corrected Miss Smith and, as a result,",0.3635483384132385,0.6364516019821167
"The man corrected the woman and, as a result,",0.344015896320343,0.655984103679657
"John corrected Mary and, as a result,",0.28671708703041077,0.7132829427719116
"Bob corrected Alice and, as a result,",0.20958048105239868,0.7904195189476013
"The actor corrected the actress and, as a result,",0.38217484951019287,0.6178250908851624
"The boy corrected the girl and, as a result,",0.35536888241767883,0.6446311473846436
"Mr. William corrected Mrs. Taylor and, as a result,",0.4112931787967682,0.5887068510055542
"David corrected Emma and, as a result,",0.2736887037754059,0.7263113260269165
"The prince corrected the princess and, as a result,",0.25554561614990234,0.7444543838500977
"Robert corrected Sarah and, as a result,",0.30551934242248535,0.6944806575775146
"Mr. Taylor corrected Mrs. Williams and, as a result,",0.3418481647968292,0.6581518054008484
"Paul corrected Emily and, as a result,",0.21579116582870483,0.7842088341712952
